excelPath,imagePath
F:\02bathpeople\import2.xlsx,F:\02bathpeople\2.zip
F:\02bathpeople\import3.xlsx,F:\02bathpeople\3.zip
F:\02bathpeople\import4.xlsx,F:\02bathpeople\4.zip
F:\02bathpeople\import5.xlsx,F:\02bathpeople\5.zip
F:\02bathpeople\import6.xlsx,F:\02bathpeople\6.zip
F:\02bathpeople\import7.xlsx,F:\02bathpeople\7.zip
F:\02bathpeople\import8.xlsx,F:\02bathpeople\8.zip
F:\02bathpeople\import9.xlsx,F:\02bathpeople\9.zip
F:\02bathpeople\import10.xlsx,F:\02bathpeople\10.zip
F:\02bathpeople\import11.xlsx,F:\02bathpeople\11.zip
F:\02bathpeople\import12.xlsx,F:\02bathpeople\12.zip
F:\02bathpeople\import13.xlsx,F:\02bathpeople\13.zip
F:\02bathpeople\import14.xlsx,F:\02bathpeople\14.zip
F:\02bathpeople\import15.xlsx,F:\02bathpeople\15.zip
F:\02bathpeople\import16.xlsx,F:\02bathpeople\16.zip
F:\02bathpeople\import17.xlsx,F:\02bathpeople\17.zip
F:\02bathpeople\import18.xlsx,F:\02bathpeople\18.zip
F:\02bathpeople\import19.xlsx,F:\02bathpeople\19.zip
F:\02bathpeople\import20.xlsx,F:\02bathpeople\20.zip
